username,name_ar,name_en,class,password
s10a01,ليث العبادي,Laith Al-Abbadi,10A,pass1234
s10a02,دانة عودة,Dana Odeh,10A,pass1234
s10a03,محمد النسور,Mohammad Al-Nsour,10A,pass1234
s10a04,رغد حداد,Raghad Haddad,10A,pass1234
s10a05,أحمد الحياري,Ahmad Al-Hiyari,10A,pass1234
s10a06,مريم الخطيب,Mariam Al-Khatib,10A,pass1234
s10a07,طارق حداد,Tareq Haddad,10A,pass1234
s10a08,تالا الخطيب,Tala Al-Khatib,10A,pass1234
s10a09,أحمد الطراونة,Ahmad Al-Tarawneh,10A,pass1234
s10a10,دانة النسور,Dana Al-Nsour,10A,pass1234
s10a11,يزن النسور,Yazan Al-Nsour,10A,pass1234
s10a12,هيا الطراونة,Haya Al-Tarawneh,10A,pass1234
s10a13,محمد الرواشدة,Mohammad Al-Rawashdeh,10A,pass1234
s10a14,مريم النسور,Mariam Al-Nsour,10A,pass1234
s10a15,يزن عودة,Yazan Odeh,10A,pass1234
s10a16,ليان الشريف,Layan Al-Sharif,10A,pass1234
s10a17,محمد الشريف,Mohammad Al-Sharif,10A,pass1234
s10a18,مريم الطراونة,Mariam Al-Tarawneh,10A,pass1234
s10a19,محمد الزعبي,Mohammad Al-Zoubi,10A,pass1234
s10a20,لين حداد,Leen Haddad,10A,pass1234
s10b01,إبراهيم العبادي,Ibrahim Al-Abbadi,10B,pass1234
s10b02,جنى الطراونة,Jana Al-Tarawneh,10B,pass1234
s10b03,عمر حداد,Omar Haddad,10B,pass1234
s10b04,سارة الشريف,Sara Al-Sharif,10B,pass1234
s10b05,خالد حداد,Khaled Haddad,10B,pass1234
s10b06,رغد عودة,Raghad Odeh,10B,pass1234
s10b07,عمر النسور,Omar Al-Nsour,10B,pass1234
s10b08,مريم الشريف,Mariam Al-Sharif,10B,pass1234
s10b09,سيف الزعبي,Saif Al-Zoubi,10B,pass1234
s10b10,ريم النسور,Reem Al-Nsour,10B,pass1234
s10b11,عبدالله البطاينة,Abdullah Al-Btoush,10B,pass1234
s10b12,لين الشريف,Leen Al-Sharif,10B,pass1234
s10b13,يزن المجالي,Yazan Al-Majali,10B,pass1234
s10b14,ليان حداد,Layan Haddad,10B,pass1234
s10b15,زيد القضاة,Zaid Al-Qudah,10B,pass1234
s10b16,ريم المجالي,Reem Al-Majali,10B,pass1234
s10b17,يوسف سمارة,Yousef Samara,10B,pass1234
s10b18,نور الحياري,Noor Al-Hiyari,10B,pass1234
s10b19,خالد الزعبي,Khaled Al-Zoubi,10B,pass1234
s10b20,آية العبادي,Aya Al-Abbadi,10B,pass1234
s11a01,مهند القضاة,Mohannad Al-Qudah,11A,pass1234
s11a02,تالا النسور,Tala Al-Nsour,11A,pass1234
s11a03,يوسف المصري,Yousef Al-Masri,11A,pass1234
s11a04,هيا المجالي,Haya Al-Majali,11A,pass1234
s11a05,طارق الحياري,Tareq Al-Hiyari,11A,pass1234
s11a06,شهد المجالي,Shahad Al-Majali,11A,pass1234
s11a07,خالد الشريف,Khaled Al-Sharif,11A,pass1234
s11a08,سارة النسور,Sara Al-Nsour,11A,pass1234
s11a09,عبدالله الطراونة,Abdullah Al-Tarawneh,11A,pass1234
s11a10,رزان القضاة,Razan Al-Qudah,11A,pass1234
s11a11,طارق المجالي,Tareq Al-Majali,11A,pass1234
s11a12,دانة الخطيب,Dana Al-Khatib,11A,pass1234
s11a13,سيف النسور,Saif Al-Nsour,11A,pass1234
s11a14,آية حداد,Aya Haddad,11A,pass1234
s11a15,يوسف القضاة,Yousef Al-Qudah,11A,pass1234
s11a16,سلمى الرواشدة,Salma Al-Rawashdeh,11A,pass1234
s11a17,ليث الحياري,Laith Al-Hiyari,11A,pass1234
s11a18,شهد الحياري,Shahad Al-Hiyari,11A,pass1234
s11a19,يوسف المجالي,Yousef Al-Majali,11A,pass1234
s11a20,مريم القضاة,Mariam Al-Qudah,11A,pass1234
